<?xml version='1.0' encoding='UTF-8'?>
<project>
  <actions/>
  <description></description>
  <keepDependencies>false</keepDependencies>
  <properties/>
  <scm class="hudson.scm.NullSCM"/>
  <canRoam>true</canRoam>
  <disabled>false</disabled>
  <blockBuildWhenDownstreamBuilding>false</blockBuildWhenDownstreamBuilding>
  <blockBuildWhenUpstreamBuilding>false</blockBuildWhenUpstreamBuilding>
  <triggers/>
  <concurrentBuild>false</concurrentBuild>
  <builders>
    <javaposse.jobdsl.plugin.ExecuteDslScripts plugin="job-dsl@1.34">
      <targets>*.groovy</targets>
      <usingScriptText>false</usingScriptText>
      <ignoreExisting>false</ignoreExisting>
      <removedJobAction>IGNORE</removedJobAction>
      <removedViewAction>IGNORE</removedViewAction>
      <lookupStrategy>JENKINS_ROOT</lookupStrategy>
      <additionalClasspath></additionalClasspath>
    </javaposse.jobdsl.plugin.ExecuteDslScripts>
  </builders>
  <publishers/>
  <buildWrappers/>
</project>
